cat_title,title,url
Свинина (кроме бескостного мяса),свинина шея охлажденная черкизово кг,https://www.okeydostavka.ru/spb/miaso-ptitsa-kolbasy-16551-20/miaso-i-ptitsa-69069-20/svinina-sheia-okhlazhdennaia-cherkizovo-kg
Свинина (кроме бескостного мяса),свинина рулька на кости п/ф охлажденный сп кг,https://www.okeydostavka.ru/spb/miaso-ptitsa-kolbasy-16551-20/miaso-i-ptitsa-69069-20/svinina-rul-ka-na-kosti-p-f-okhlazhdennyi-sp-kg
Свинина (кроме бескостного мяса),свинина корейка на кости п/ф охлажденный сп кг,https://www.okeydostavka.ru/spb/miaso-ptitsa-kolbasy-16551-20/miaso-i-ptitsa-69069-20/svinina-koreika-na-kosti-p-f-okhlazhdennyi-sp-kg
Свинина (кроме бескостного мяса),свинина шея на кости на шкуре п/ф охлажденный сп кг,https://www.okeydostavka.ru/spb/miaso-ptitsa-kolbasy-16551-20/miaso-i-ptitsa-69069-20/svinina-sheia-na-kosti-na-shkure-p-f-okhlazhdennyi-sp-kg-
Свинина (кроме бескостного мяса),свинина окорок на кости на шкуре п/ф охлажденный сп кг,https://www.okeydostavka.ru/spb/miaso-ptitsa-kolbasy-16551-20/miaso-i-ptitsa-69069-20/svinina-okorok-na-kosti-na-shkure-p-f-okhlazhdennyi-sp-
Свинина (кроме бескостного мяса),свинина грудинка на кости на шкуре п/ф охлажденный сп кг,https://www.okeydostavka.ru/spb/miaso-ptitsa-kolbasy-16551-20/miaso-i-ptitsa-69069-20/svinina-grudinka-na-kosti-na-shkure-p-f-okhlazhdennyi-
Свинина (кроме бескостного мяса),свинина лопатка на кости на шкуре п/ф охлажденный сп кг,https://www.okeydostavka.ru/spb/miaso-ptitsa-kolbasy-16551-20/miaso-i-ptitsa-69069-20/svinina-lopatka-na-kosti-na-shkure-p-f-okhlazhdennyi-
Свинина (кроме бескостного мяса),свинина шейка в маринаде для запекания черкизово кг,https://www.okeydostavka.ru/spb/%D0%BC%D1%8F%D1%81%D0%BD%D0%B0%D1%8F-%D0%B3%D0%B0%D1%81%D1%82%D1%80%D0%BE%D0%BD%D0%BE%D0%BC%D0%B8%D1%8F--%D0%BC%D1%8F%D1%81%D0%BE-%D0%B8-%D0%BF%D1%82%D0%B8%D1%86%D0%B0--1/meat-and-poultry-/svinina-sheika-v-marinade-dlia-zapekaniia-cherkizovo-1100g-845542-parent-1
Свинина (кроме бескостного мяса),свинина окорок для запекания финский  самсон кг,https://www.okeydostavka.ru/spb/%D0%BC%D1%8F%D1%81%D0%BD%D0%B0%D1%8F-%D0%B3%D0%B0%D1%81%D1%82%D1%80%D0%BE%D0%BD%D0%BE%D0%BC%D0%B8%D1%8F--%D0%BC%D1%8F%D1%81%D0%BE-%D0%B8-%D0%BF%D1%82%D0%B8%D1%86%D0%B0--1/meat-and-poultry-/svinina-okorok-dlia-zapekaniia-finskii-samson-kg-822294-parent-1
Баранина (кроме бескостного мяса),баранина лопатка на кости п/ф охлажденный сп кг,https://www.okeydostavka.ru/spb/miaso-ptitsa-kolbasy-16551-20/miaso-i-ptitsa-69069-20/baranina-lopatka-na-kosti-p-f-okhlazhdennyi-sp-kg
Куры охлажденные и мороженые,цыпленок охлажденный халяль приосколье кг,https://www.okeydostavka.ru/spb/miaso-ptitsa-kolbasy-16551-20/miaso-i-ptitsa-69069-20/tsyplenok-okhlazhdennyi-khalial-prioskol-e-kg
Куры охлажденные и мороженые,цыпленок 1кат охлажденный пф северная кг,https://www.okeydostavka.ru/spb/miaso-ptitsa-kolbasy-16551-20/miaso-i-ptitsa-69069-20/tsyplenok-1kat-okhlazhdennyi-pf-severnaia-kg
Куры охлажденные и мороженые,цыпленок охлажденный н/п окей кг,https://www.okeydostavka.ru/spb/%D0%BC%D1%8F%D1%81%D0%BD%D0%B0%D1%8F-%D0%B3%D0%B0%D1%81%D1%82%D1%80%D0%BE%D0%BD%D0%BE%D0%BC%D0%B8%D1%8F--%D0%BC%D1%8F%D1%81%D0%BE-%D0%B8-%D0%BF%D1%82%D0%B8%D1%86%D0%B0--1/meat-and-poultry-/tushka-tsb-okhl-okei-podl-795106-parent-1
Куры охлажденные и мороженые,цыпленок 1кат охлажденный ф/п троекурово кг,https://www.okeydostavka.ru/spb/miaso-ptitsa-kolbasy-16551-20/miaso-i-ptitsa-69069-20/tsyplenok-1kat-okhlazhdennyi-f-p-troekurovo-kg
Куры охлажденные и мороженые,"кура гриль, кг",https://www.okeydostavka.ru/spb/zamorozka-gotovaia-kulinariia-15104-20/nasha-kulinariia-69551-20/kura-gril-kg
Куры охлажденные и мороженые,цыпленок 4 сезона по-мексикански 600г,https://www.okeydostavka.ru/spb/zamorozka-gotovaia-kulinariia-15104-20/%D0%B3%D0%BE%D1%82%D0%BE%D0%B2%D1%8B%D0%B5-%D0%B1%D0%BB%D1%8E%D0%B4%D0%B0-%D0%BE%D1%85%D0%BB%D0%B0%D0%B6%D0%B4%D0%B5%D0%BD%D0%BD%D1%8B%D0%B5--20/tsyplenok-4-sezona-po-meksikanski-600g
Куры охлажденные и мороженые,чебурек с мясом говядина/курица 140г,https://www.okeydostavka.ru/spb/cheburek-s-miasom-goviadina-kuritsa-140g
Рыба мороженая неразделанная,сельдь неразделанная с/с меридиан 1300г,https://www.okeydostavka.ru/spb/sel-d-nerazdelannaia-s-s-meridian-1300g
Рыба мороженая неразделанная,килька черноморская тчн! неразделанная в т/с 240г,https://www.okeydostavka.ru/spb/bakaleia-i-konservatsiia-15063-20/konservatsiia-16059-20/rybnye-konservy-16060-20/kil-ka-chernomorskaia-tchn-nerazdelannaia-v-t-s-240g
Рыба мороженая неразделанная,рыба янтарная тчн! 70г,https://www.okeydostavka.ru/spb/ryba-moreprodukty-i-ikra-16572-20/rybnaia-gastronomiia-16584-20/ryba-vialenaia-sushenaia-sneki-rybnye-16594-20/ryba-iantarnaia-tchn-70g
Рыба мороженая неразделанная,скумбрия тчн! нераздел. мороженая 900г,https://www.okeydostavka.ru/spb/ryba-moreprodukty-i-ikra-16572-20/ryba-okhlazhdennaia-i-zamorozhennaia-16583-20/skumbriia-tchn-nerazdel-morozhenaia-900g
Рыба мороженая неразделанная,хек тушка тчн! мороженая 900г,https://www.okeydostavka.ru/spb/ryba-moreprodukty-i-ikra-16572-20/ryba-okhlazhdennaia-i-zamorozhennaia-16583-20/khek-tushka-tchn-morozhenaia-900g
Рыба мороженая неразделанная,кета cтейк тчн! с/м кг в/у,https://www.okeydostavka.ru/spb/ryba-moreprodukty-i-ikra-16572-20/ryba-okhlazhdennaia-i-zamorozhennaia-16583-20/keta-cteik-tchn-s-m-kg-v-u
Рыба мороженая неразделанная,горбуша с/м кг пак,https://www.okeydostavka.ru/spb/ryba-moreprodukty-i-ikra-16572-20/ryba-okhlazhdennaia-i-zamorozhennaia-16583-20/gorbusha-s-m-kg-pak
Рыба мороженая неразделанная,путассу н/р тчн! 800г,https://www.okeydostavka.ru/spb/ryba-moreprodukty-i-ikra-16572-20/ryba-okhlazhdennaia-i-zamorozhennaia-16583-20/putassu-n-r-tchn-800g
Рыба мороженая неразделанная,сельдь неразд с/с а'море 1000г в/у,https://www.okeydostavka.ru/spb/sel-d-nerazd-s-s-a-more-1000g-v-u
Рыба мороженая неразделанная,рулет кета г/к цена за 100г,https://www.okeydostavka.ru/spb/rulet-keta-g-k-tsena-za-100g
Сельдь соленая,сельдь неразд с/с ск 350г,https://www.okeydostavka.ru/spb/sel-d-nerazd-s-s-sk-350g
Сельдь соленая,сельдь кусочки п/п в заливке селедочка бочковая русское море 230г,https://www.okeydostavka.ru/spb/sel-d-kusochki-p-p-v-zalivke-seledochka-bochkovaia-
Сельдь соленая,сельдь неразд с/с fishfabric 1000г в/у,https://www.okeydostavka.ru/spb/sel-d-nerazd-s-s-fishfabric-1000g-v-u
Сельдь соленая,сельдь целая тчн! с/с кг в/у,https://www.okeydostavka.ru/spb/sel-d-tselaia-tchn-s-s-kg-v-u-815552-parent
Сельдь соленая,сельдь неразд п/п vici 1300г,https://www.okeydostavka.ru/spb/sel-d-nerazd-p-p-vici-1300g
Сельдь соленая,сельдь неразделанная с/с меридиан 1300г,https://www.okeydostavka.ru/spb/sel-d-nerazdelannaia-s-s-meridian-1300g
Сельдь соленая,сельдь с/г непотр с/с цена за 100г,https://www.okeydostavka.ru/spb/sel-d-atl-sp-pos-200-100g-rok-1--11858-parent-1
Сельдь соленая,сельдь неразд с/с а'море 1000г в/у,https://www.okeydostavka.ru/spb/sel-d-nerazd-s-s-a-more-1000g-v-u
Сельдь соленая,сельдь неразд с/с балтийский берег 1000г в/у,https://www.okeydostavka.ru/spb/sel-d-nerazd-s-s-baltiiskii-bereg-1000g-v-u
Сельдь соленая,сельдь неразд с/с балтийский берег 1300г,https://www.okeydostavka.ru/spb/sel-d-nerazd-s-s-baltiiskii-bereg-1300g
Сельдь соленая,сельдь филе-кусочки в масле матье кетус 550г,https://www.okeydostavka.ru/spb/sel-d-file-kusochki-v-masle-mat-e-ketus-550g
Сельдь соленая,сельдь филе-кусочки в масле к картошке vici 150г,https://www.okeydostavka.ru/spb/sel-d-file-kusochki-v-masle-k-kartoshke-vici-150g
Сельдь соленая,сельдь филе б/ш с/с в масле цена за 100г,https://www.okeydostavka.ru/spb/sel-d-file-b-sh-s-s-v-m-100g-777184-parent-1
Сельдь соленая,сельдь филе т/о с/с своя рыбка 400г в/у,https://www.okeydostavka.ru/spb/%D1%81%D0%B5%D0%BB%D1%8C%D0%B4%D1%8C-%D1%84%D0%B8%D0%BB%D0%B5-%D1%82-%D0%BE-%D1%81-%D1%81-%D1%81%D0%B2%D0%BE%D1%8F-%D1%80%D1%8B%D0%B1%D0%BA%D0%B0-400%D0%B3-%D0%B2-%D1%83-861960-parent--1
Сельдь соленая,сельдь филе т/о с/с своя рыбка 200г в/у,https://www.okeydostavka.ru/spb/%D1%81%D0%B5%D0%BB%D1%8C%D0%B4%D1%8C-%D1%84%D0%B8%D0%BB%D0%B5-%D1%82-%D0%BE-%D1%81-%D1%81-%D1%81%D0%B2%D0%BE%D1%8F-%D1%80%D1%8B%D0%B1%D0%BA%D0%B0-200%D0%B3-%D0%B2-%D1%83-861959-parent--1
Сельдь соленая,сельдь филе с/с в масле а'море 900г,https://www.okeydostavka.ru/spb/sel-d-file-s-s-v-masle-a-more-900g
Масло сливочное,"бзмж масло сливочное экомилк 82,5% 100г фольга",https://www.okeydostavka.ru/spb/bzmzh-maslo-slivochnoe-ekomilk-82-5-100g-fol-ga
Масло сливочное,"бзмж масло простоквашино крест 72,5% 180г ф",https://www.okeydostavka.ru/spb/bzmzh-maslo-prostokvashino-krest-72-5-180g-f
Масло сливочное,"бзмж масло слив экомилк традиционное 82,5% 450г ф",https://www.okeydostavka.ru/spb/molochnye-produkty-syry-iaitso-16100-20/molochnye-produkty-16101-20/maslo-slivochnoe-i-margarin-16113-20/bzmzh-maslo-sliv-ekomilk-traditsionnoe-82-5-450g-f
Масло сливочное,"бзмж масло сливочное экомилк 82,5% 450г фольга",https://www.okeydostavka.ru/spb/bzmzh-maslo-slivochnoe-ekomilk-82-5-450g-fol-ga
Масло сливочное,"бзмж масло сливочное  несоленое экомилк 82,5% 180г",https://www.okeydostavka.ru/spb/bzmzh-maslo-slivochnoe-nesolenoe-ekomilk-82-5-180g
Масло сливочное,бзмж масло сливочное простоквашино 82% 180г фольга,https://www.okeydostavka.ru/spb/bzmzh-maslo-slivochnoe-prostokvashino-82-180g-fol-ga
Масло сливочное,бзмж масло ичалковское 80% 250г,https://www.okeydostavka.ru/spb/bzmzh-maslo-ichalkovskoe-80-250g
Масло сливочное,бзмж масло киприно алтайское 82% 200г,https://www.okeydostavka.ru/spb/bzmzh-maslo-kiprino-altaiskoe-82-200g
Масло сливочное,бзмж масло сливочное arla natura 82% 180г,https://www.okeydostavka.ru/spb/bzmzh-maslo-slivochnoe-arla-natura-82-180g
Масло сливочное,бзмж масло сливочное viola 82% 180г,https://www.okeydostavka.ru/spb/bzmzh-maslo-slivochnoe-viola-82-180g
Масло сливочное,"бзмж масло сливочное тысяча озер 82,5% 180г",https://www.okeydostavka.ru/spb/bzmzh-maslo-slivochnoe-tysiacha-ozer-82-5-180g
Масло сливочное,"бзмж масло сливочное из вологды 82,5% 180г",https://www.okeydostavka.ru/spb/bzmzh-maslo-slivochnoe-iz-vologdy-82-5-180g
Масло сливочное,"бзмж масло сливочное из вологды крестьянское 72,5% 180г",https://www.okeydostavka.ru/spb/bzmzh-maslo-slivochnoe-iz-vologdy-krest-ianskoe-72-5-
Масло сливочное,"бзмж масло сливочное из вологды традиционное 82,5% 180г",https://www.okeydostavka.ru/spb/bzmzh-maslo-slivochnoe-iz-vologdy-traditsionnoe-82-5-
Масло сливочное,бзмж масло слив извологды любительск солен 80% 180г,https://www.okeydostavka.ru/spb/molochnye-produkty-syry-iaitso-16100-20/molochnye-produkty-16101-20/maslo-slivochnoe-i-margarin-16113-20/bzmzh-maslo-sliv-izvologdy-liubitel-sk-solen-80-180g-
Масло сливочное,"бзмж масло кислосливочное president  82,5% 180г",https://www.okeydostavka.ru/spb/bzmzh-maslo-kisloslivochnoe-president-82-5-180g
Масло подсолнечное,масло подсолнечное слобода нерафинированное 1л,https://www.okeydostavka.ru/spb/maslo-podsolnechnoe-sloboda-nerafinirovannoe-1l
Масло подсолнечное,масло подсолнечное тчн! нерафинированное 1л,https://www.okeydostavka.ru/spb/maslo-podsolnechnoe-tchn-nerafinirovannoe-1l
Масло подсолнечное,масло подсолнечное ideal рафинированное дезодорированное 1л,https://www.okeydostavka.ru/spb/maslo-podsolnechnoe-ideal-rafinirovannoe-
Масло подсолнечное,"масло подсолнечное дары кубани нерафинированное 0,65л",https://www.okeydostavka.ru/spb/maslo-podsolnechnoe-dary-kubani-nerafinirovannoe-
Масло подсолнечное,"масло подсолнечное благо рафинированное дез 1,8л",https://www.okeydostavka.ru/spb/maslo-podsolnechnoe-blago-rafinirovannoe-dez-1-8l
Масло подсолнечное,масло подсолнечное окей рафинированное дезодорированное 1л,https://www.okeydostavka.ru/spb/maslo-podsolnechnoe-okei-rafinirovannoe-dezodorirovannoe-1l
Масло подсолнечное,масло подсолнечное тчн! рафинированное дезодорированное 5л,https://www.okeydostavka.ru/spb/maslo-podsolnechnoe-tchn-rafinirovannoe-
Масло подсолнечное,"масло подсолнечное тчн! рафинированное дезодорированное 0,9л",https://www.okeydostavka.ru/spb/maslo-podsolnechnoe-tchn-rafinirovannoe-dezodorirovannoe-0-9l
Масло подсолнечное,масло подсолнечное золотая семечка рафинированное дезодорированное 1л,https://www.okeydostavka.ru/spb/maslo-podsolnechnoe-zolotaia-semechka-rafinirovannoe-dezodorirovannoe-1l
Масло подсолнечное,масло подсолнечное altero vitality рафинированное дезодорированное 810мл,https://www.okeydostavka.ru/spb/maslo-podsolnechnoe-altero-vitality-rafinirovannoe-
Масло подсолнечное,масло подсолнечное нерафинированное холодного отжима коноплянка 250мл,https://www.okeydostavka.ru/spb/maslo-podsolnechnoe-nerafinirovannoe-kholodnogo-
Масло подсолнечное,масло подсолнечное кубаночка нерафинированное 1л пл/б,https://www.okeydostavka.ru/spb/maslo-podsolnechnoe-kubanochka-nerafinirovannoe-1l-
Масло подсолнечное,"масло подсолнечное слобода рафин дезодор вымороженное в/с 2,7л",https://www.okeydostavka.ru/spb/maslo-podsolnechnoe-sloboda-rafin-dezodor-
Масло подсолнечное,масло для жарки и фритюра слобода 1л,https://www.okeydostavka.ru/spb/maslo-dlia-zharki-i-fritiura-sloboda-1l
Масло подсолнечное,масло-спрей д/волос ogx увлажнение и гладкость с маслом гавайского ореха/кукуи 118мл,https://www.okeydostavka.ru/spb/maslo-sprei-d-volos-ogx-uvlazhnenie-i-gladkost-s-
Масло подсолнечное,гель-бальзам д/душа le petit marseillais бьюти терапия масло арганы/ пчелиный воск/масло лепестков розы 250мл,https://www.okeydostavka.ru/spb/gel-bal-zam-d-dusha-le-petit-marseillais-b-iuti-
Маргарин,маргарин столовый сливочник 180г,https://www.okeydostavka.ru/spb/margarin-stolovyi-slivochnik-180g-261962-parent-1
Маргарин,маргарин чудесница 55% 180г,https://www.okeydostavka.ru/spb/%D0%BC%D0%B0%D1%80%D0%B3%D0%B0%D1%80%D0%B8%D0%BD-%D1%87%D1%83%D0%B4%D0%B5%D1%81%D0%BD%D0%B8%D1%86%D0%B0-55-180%D0%B3-fp-357818-parent--1
Маргарин,"маргарин хозяюшка сливочный 60%, 400г",https://www.okeydostavka.ru/spb/molochnye-produkty-syry-iaitso-16100-20/molochnye-produkty-16101-20/maslo-slivochnoe-i-margarin-16113-20/margarin-khoziaiushka-slivochnyi-60-400g
Маргарин,маргарин сливочный саратовский домашний 60% 180г,https://www.okeydostavka.ru/spb/margarin-saratovovskii-slivochnyi-domashnii-60-180g-377201-parent-1
Маргарин,маргарин сливочный хозяюшка 60% 200г фольга,https://www.okeydostavka.ru/spb/molochnye-produkty-syry-iaitso-16100-20/molochnye-produkty-16101-20/maslo-slivochnoe-i-margarin-16113-20/margarin-slivochnyi-khoziaiushka-60-200g-fol-ga
Маргарин,маргарин сливочный домашний халяль 50% 150г,https://www.okeydostavka.ru/spb/margarin-slivochnyi-domashnii-khalial-50-150g-849302-parent-1
Сметана,бзмж сметана president 30% 350г,https://www.okeydostavka.ru/spb/bzmzh-smetana-president-30-350g
Сметана,бзмж сметана president 20% 350г,https://www.okeydostavka.ru/spb/bzmzh-smetana-president-20-350g
Сметана,бзмж сметана простоквашино 10% 315г,https://www.okeydostavka.ru/spb/bzmzh-smetana-prostokvashino-10-315g
Сметана,бзмж сметана простоквашино 25% 315г,https://www.okeydostavka.ru/spb/bzmzh-smetana-prostokvashino-25-315g
Сметана,бзмж сметана простоквашино 15% 315г,https://www.okeydostavka.ru/spb/bzmzh-smetana-prostokvashino-15-315g
Сметана,бзмж сметана пискаревская 15% 450г,https://www.okeydostavka.ru/spb/bzmzh-smetana-piskarevskaia-15-450g
Сметана,бзмж сметана пискаревская 20% 300г,https://www.okeydostavka.ru/spb/bzmzh-smetana-piskarevskaia-20-300g
Сметана,бзмж сметана 20% 230г стакан,https://www.okeydostavka.ru/spb/bzmzh-smetana-20-230g-stakan
Сметана,бзмж сметана 15% 400г стакан,https://www.okeydostavka.ru/spb/bzmzh-smetana-15-400g-stakan
Сметана,бзмж сметана 15% 230г стакан,https://www.okeydostavka.ru/spb/bzmzh-smetana-15-230g-stakan
Сметана,бзмж сметана 20% 400г стакан,https://www.okeydostavka.ru/spb/bzmzh-smetana-20-400g-stakan
Сметана,бзмж сметана устюгмолоко 15% 400г стакан,https://www.okeydostavka.ru/spb/molochnye-produkty-syry-iaitso-16100-20/molochnye-produkty-16101-20/smetana-16107-20/bzmzh-smetana-ustiugmoloko-15-400g-stakan
Сметана,бзмж сметана простоквашино 25% 180г ст,https://www.okeydostavka.ru/spb/molochnye-produkty-syry-iaitso-16100-20/molochnye-produkty-16101-20/smetana-16107-20/bzmzh-smetana-prostokvashino-25-180g-st
Сметана,бзмж сметана простоквашино 15% 180г ст,https://www.okeydostavka.ru/spb/molochnye-produkty-syry-iaitso-16100-20/molochnye-produkty-16101-20/smetana-16107-20/bzmzh-smetana-prostokvashino-15-180g-st
Сметана,бзмж сметана простоквашино 20% 180г ст,https://www.okeydostavka.ru/spb/molochnye-produkty-syry-iaitso-16100-20/molochnye-produkty-16101-20/smetana-16107-20/bzmzh-smetana-prostokvashino-20-180g-st
Сметана,бзмж сметана свежее завтра 15% 315г,https://www.okeydostavka.ru/spb/molochnye-produkty-syry-iaitso-16100-20/molochnye-produkty-16101-20/smetana-16107-20/bzmzh-smetana-svezhee-zavtra-15-315g
Творог нежирный,бзмж творог простоквашино 9% 220г,https://www.okeydostavka.ru/spb/molochnye-produkty-syry-iaitso-16100-20/molochnye-produkty-16101-20/tvorozhnye-izdeliia-16106-20/bzmzh-tvorog-prostokvashino-9-220g
Творог нежирный,"бзмж творог вкуснотеево 0,5%, 750г",https://www.okeydostavka.ru/spb/molochnye-produkty-syry-iaitso-16100-20/molochnye-produkty-16101-20/tvorozhnye-izdeliia-16106-20/bzmzh-tvorog-vkusnoteevo-0-5-750g
Творог нежирный,бзмж творог вкуснотеево 9% 750г,https://www.okeydostavka.ru/spb/molochnye-produkty-syry-iaitso-16100-20/molochnye-produkty-16101-20/tvorozhnye-izdeliia-16106-20/bzmzh-tvorog-vkusnoteevo-9-750g
Творог нежирный,бзмж творог простоквашино 2% 220г,https://www.okeydostavka.ru/spb/bzmzh-tvorog-prostokvashino-2-220g
Творог нежирный,бзмж творог простоквашино 5% 220г,https://www.okeydostavka.ru/spb/molochnye-produkty-syry-iaitso-16100-20/molochnye-produkty-16101-20/tvorozhnye-izdeliia-16106-20/bzmzh-tvorog-prostokvashino-5-220g
Творог нежирный,бзмж творог свитлогорье 2% 180г,https://www.okeydostavka.ru/spb/molochnye-produkty-syry-iaitso-16100-20/molochnye-produkty-16101-20/tvorozhnye-izdeliia-16106-20/bzmzh-tvorog-svitlogor-e-2-180g
Творог нежирный,бзмж творог окей обезжиренный 350г,https://www.okeydostavka.ru/spb/molochnye-produkty-syry-iaitso-16100-20/molochnye-produkty-16101-20/tvorozhnye-izdeliia-16106-20/bzmzh-tvorog-okei-obezzhirennyi-350g
Творог нежирный,бзмж творог окей 5% 350г,https://www.okeydostavka.ru/spb/bzmzh-tvorog-okei-5-350g
Творог нежирный,бзмж творог окей 9% 350г,https://www.okeydostavka.ru/spb/bzmzh-tvorog-okei-9-350g
Творог нежирный,бзмж творог свитлогорье 5% 180г,https://www.okeydostavka.ru/spb/bzmzh-tvorog-svitlogor-e-5-180g
Творог нежирный,"бзмж творог простоквашино 0,2% 210г",https://www.okeydostavka.ru/spb/bzmzh-tvorog-prostokvashino-0-2-210g
Творог нежирный,бзмж творог valio 9% 200г,https://www.okeydostavka.ru/spb/bzmzh-tvorog-valio-9-200g
Творог нежирный,"бзмж творог благода низкокалорийный 7,5% 180г",https://www.okeydostavka.ru/spb/molochnye-produkty-syry-iaitso-16100-20/molochnye-produkty-16101-20/tvorozhnye-izdeliia-16106-20/bzmzh-tvorog-blagoda-nizkokaloriinyi-7-5-180g
Творог нежирный,бзмж творог 9% президент рассыпчатый 400г,https://www.okeydostavka.ru/spb/molochnye-produkty-syry-iaitso-16100-20/molochnye-produkty-16101-20/tvorozhnye-izdeliia-16106-20/bzmzh-tvorog-9-prezident-rassypchatyi-400g
Творог нежирный,бзмж творог савушкин хуторок 9% 300г,https://www.okeydostavka.ru/spb/molochnye-produkty-syry-iaitso-16100-20/molochnye-produkty-16101-20/tvorozhnye-izdeliia-16106-20/bzmzh-tvorog-savushkin-khutorok-9-300g
Творог нежирный,бзмж творог вкуснотеево 9% 300г стакан,https://www.okeydostavka.ru/spb/molochnye-produkty-syry-iaitso-16100-20/molochnye-produkty-16101-20/tvorozhnye-izdeliia-16106-20/bzmzh-tvorog-vkusnoteevo-9-300g-stakan
Яйца куриные,яйцо куриное со синявинское 20шт,https://www.okeydostavka.ru/spb/molochnye-produkty-syry-iaitso-16100-20/iaitso-16104-20/iaitso-kurinoe-so-siniavinskoe-20sht
Яйца куриные,яйцо куриное с1 синявинское 30шт,https://www.okeydostavka.ru/spb/molochnye-produkty-syry-iaitso-16100-20/iaitso-16104-20/iaitso-kurinoe-s1-siniavinskoe-30sht
Яйца куриные,яйцо куриное со синявинское 30шт,https://www.okeydostavka.ru/spb/molochnye-produkty-syry-iaitso-16100-20/iaitso-16104-20/iaitso-kurinoe-so-siniavinskoe-30sht
Яйца куриные,яйцо куриное с2 тчн! 30шт,https://www.okeydostavka.ru/spb/molochnye-produkty-syry-iaitso-16100-20/iaitso-16104-20/iaitso-kurinoe-s2-tchn-30sht
Яйца куриные,яйцо куриное с1 тчн! 10шт,https://www.okeydostavka.ru/spb/molochnye-produkty-syry-iaitso-16100-20/iaitso-16104-20/iaitso-kurinoe-s1-tchn-10sht
Яйца куриные,яйцо куриное со роскар 10шт,https://www.okeydostavka.ru/spb/molochnye-produkty-syry-iaitso-16100-20/iaitso-16104-20/iaitso-kurinoe-so-roskar-10sht
Яйца куриные,яйцо куриное со роскар 30шт,https://www.okeydostavka.ru/spb/molochnye-produkty-syry-iaitso-16100-20/iaitso-16104-20/iaitso-kurinoe-so-roskar-30sht
Яйца куриные,яйцо куриное св окей 10шт,https://www.okeydostavka.ru/spb/molochnye-produkty-syry-iaitso-16100-20/iaitso-16104-20/iaitso-kurinoe-sv-okei-10sht
Яйца куриные,яйцо куриное с1 экстра роскар 15шт,https://www.okeydostavka.ru/spb/molochnye-produkty-syry-iaitso-16100-20/iaitso-16104-20/iaitso-kurinoe-s1-ekstra-roskar-15sht
Яйца куриные,яйцо куриное со экстра роскар 15шт,https://www.okeydostavka.ru/spb/molochnye-produkty-syry-iaitso-16100-20/iaitso-16104-20/iaitso-kurinoe-so-ekstra-roskar-15sht
Яйца куриные,яйцо куриное с1 экстра роскар 25шт,https://www.okeydostavka.ru/spb/molochnye-produkty-syry-iaitso-16100-20/iaitso-16104-20/iaitso-kurinoe-s1-ekstra-roskar-25sht
Яйца куриные,яйцо куриное со экстра роскар 10шт,https://www.okeydostavka.ru/spb/molochnye-produkty-syry-iaitso-16100-20/iaitso-16104-20/iaitso-kurinoe-so-ekstra-roskar-10sht
Яйца куриные,яйцо куриное со к завтраку синявинское 10шт,https://www.okeydostavka.ru/spb/molochnye-produkty-syry-iaitso-16100-20/iaitso-16104-20/iaitso-kurinoe-so-k-zavtraku-siniavinskoe-10sht
Яйца куриные,яйцо куриное со с микроэлементами окей 6шт,https://www.okeydostavka.ru/spb/molochnye-produkty-syry-iaitso-16100-20/iaitso-16104-20/iaitso-kurinoe-so-s-mikroelementami-okei-6sht
Яйца куриные,яйцо куриное со счастливое роскар 10шт,https://www.okeydostavka.ru/spb/molochnye-produkty-syry-iaitso-16100-20/iaitso-16104-20/iaitso-kurinoe-so-schastlivoe-roskar-10sht
Яйца куриные,яйцо куриное с1 деревенское роскар 10шт,https://www.okeydostavka.ru/spb/molochnye-produkty-syry-iaitso-16100-20/iaitso-16104-20/iaitso-kurinoe-s1-derevenskoe-roskar-10sht
Сахар-песок,сахар белый кристаллич в стиках чуточка 250г,https://www.okeydostavka.ru/spb/bakaleia-i-konservatsiia-15063-20/sakhar-i-sol--24573-20/sakhar-belyi-kristallich-v-stikakh-chutochka-250g
Сахар-песок,сахар-белый тчн! кристаллический категории 5кг,https://www.okeydostavka.ru/spb/bakaleia-i-konservatsiia-15063-20/sakhar-i-sol--24573-20/sakhar-belyi-tchn-kristallicheskii-kategorii-5kg
Сахар-песок,сахар-белый тчн! кристаллический категории 1кг,https://www.okeydostavka.ru/spb/bakaleia-i-konservatsiia-15063-20/sakhar-i-sol--24573-20/sakhar-belyi-tchn-kristallicheskii-kategorii-1kg
Мука пшеничная,мука пшеничная nordic в/с 2кг,https://www.okeydostavka.ru/spb/bakaleia-i-konservatsiia-15063-20/muka-smesi-dlia-vypechki-15066-20/muka-pshenichnaia-nordic-v-s-2kg
Мука пшеничная,мука пшеничная макфа в/с 2кг,https://www.okeydostavka.ru/spb/bakaleia-i-konservatsiia-15063-20/muka-smesi-dlia-vypechki-15066-20/muka-pshenichnaia-makfa-v-s-2kg
Мука пшеничная,мука пшеничная макфа в/с 1кг,https://www.okeydostavka.ru/spb/bakaleia-i-konservatsiia-15063-20/muka-smesi-dlia-vypechki-15066-20/muka-pshenichnaia-makfa-v-s-1kg
Мука пшеничная,мука рязаночка пшеничная в/с 2кг,https://www.okeydostavka.ru/spb/bakaleia-i-konservatsiia-15063-20/muka-smesi-dlia-vypechki-15066-20/muka-riazanochka-pshenichnaia-v-s-2kg
Мука пшеничная,мука рязаночка пшеничная из цельносмолотого зерна 1кг,https://www.okeydostavka.ru/spb/bakaleia-i-konservatsiia-15063-20/muka-smesi-dlia-vypechki-15066-20/muka-riazanochka-pshenichnaia-iz-tsel-nosmolotogo-zerna-
Мука пшеничная,мука предпортовая пшеничная в/с 1кг,https://www.okeydostavka.ru/spb/bakaleia-i-konservatsiia-15063-20/muka-smesi-dlia-vypechki-15066-20/muka-predportovaia-pshenichnaia-v-s-1kg
Мука пшеничная,мука предпортовая пшеничная в/с 2кг,https://www.okeydostavka.ru/spb/muka-predportovaia-pshenichnaia-v-s-2kg
Мука пшеничная,мука пышечка пшеничная в/с 2кг,https://www.okeydostavka.ru/spb/bakaleia-i-konservatsiia-15063-20/muka-smesi-dlia-vypechki-15066-20/muka-pyshechka-pshenichnaia-v-s-2kg
Мука пшеничная,мука рязаночка пшеничная д/жидкого теста 1кг,https://www.okeydostavka.ru/spb/bakaleia-i-konservatsiia-15063-20/muka-smesi-dlia-vypechki-15066-20/muka-riazanochka-pshenichnaia-d-zhidkogo-testa-1kg
Мука пшеничная,мука пудовъ пшеничная цельнозерновая обойная 1кг,https://www.okeydostavka.ru/spb/bakaleia-i-konservatsiia-15063-20/muka-smesi-dlia-vypechki-15066-20/muka-pudovie-pshenichnaia-tsel-nozernovaia-oboinaia-1kg
Мука пшеничная,мука makfa экстра 2кг,https://www.okeydostavka.ru/spb/bakaleia-i-konservatsiia-15063-20/muka-smesi-dlia-vypechki-15066-20/muka-makfa-ekstra-2kg
Мука пшеничная,мука тчн! общего назначения 2кг,https://www.okeydostavka.ru/spb/bakaleia-i-konservatsiia-15063-20/muka-smesi-dlia-vypechki-15066-20/muka-tchn-obshchego-naznacheniia-2kg
Мука пшеничная,мука кудесница гречневая 700г,https://www.okeydostavka.ru/spb/bakaleia-i-konservatsiia-15063-20/muka-smesi-dlia-vypechki-15066-20/muka-kudesnitsa-grechnevaia-700g
Мука пшеничная,мука кудесница кукурузная 700г,https://www.okeydostavka.ru/spb/bakaleia-i-konservatsiia-15063-20/muka-smesi-dlia-vypechki-15066-20/muka-kudesnitsa-kukuruznaia-700g
Мука пшеничная,мука кудесница овсяная 600г,https://www.okeydostavka.ru/spb/bakaleia-i-konservatsiia-15063-20/muka-smesi-dlia-vypechki-15066-20/muka-kudesnitsa-ovsianaia-600g
Мука пшеничная,мука овсяная гарнец 500г,https://www.okeydostavka.ru/spb/bakaleia-i-konservatsiia-15063-20/muka-smesi-dlia-vypechki-15066-20/muka-ovsianaia-garnets-500g
Хлеб из ржаной муки и из смеси муки ржаной и пшеничной,хлеб коломенский бородинский ржано-пшеничный 400г,https://www.okeydostavka.ru/spb/konditerskie-izdeliia-khleb-16052-20/khlebobulochnye-izdeliia-16592-20/khleb-baton-lepeshki-lavash-16596-20/khleb-kolomenskii-borodinskii-rzhano-pshenichnyi-400g
Хлеб из ржаной муки и из смеси муки ржаной и пшеничной,хлеб рижский хлеб бородинский 300г,https://www.okeydostavka.ru/spb/konditerskie-izdeliia-khleb-16052-20/khlebobulochnye-izdeliia-16592-20/khleb-baton-lepeshki-lavash-16596-20/khleb-rizhskii-khleb-borodinskii-300g
Хлеб из ржаной муки и из смеси муки ржаной и пшеничной,батон крестьянский каравай с цельносмолотой мукой 270г,https://www.okeydostavka.ru/spb/%D1%85%D0%BB%D0%B5%D0%B1--%D0%BA%D0%BE%D0%BD%D0%B4%D0%B8%D1%82%D0%B5%D1%80%D1%81%D0%BA%D0%B8%D0%B5-%D0%B8%D0%B7%D0%B4%D0%B5%D0%BB%D0%B8%D1%8F--1/bakery/bread-loaves-pittas-wraps/baton-krest-ianskii-karavai-s-tsel-nosmolotoi-mukoi-270g-848714-parent-1
Хлеб из ржаной муки и из смеси муки ржаной и пшеничной,"батон хлебный дом с гречн и ржан хлопьями 0,25h 8л",https://www.okeydostavka.ru/spb/baton-khlebnyi-dom-s-grechn-i-rzhan-khlop-iami-0-25h-8l
Хлеб и булочные изделия из пшеничной муки 1 и 2 сортов,хлеб столичный окей в нарезке 750г,https://www.okeydostavka.ru/spb/konditerskie-izdeliia-khleb-16052-20/khlebobulochnye-izdeliia-16592-20/khleb-baton-lepeshki-lavash-16596-20/khleb-stolichnyi-okei-v-narezke-750g
Хлеб и булочные изделия из пшеничной муки 1 и 2 сортов,хлеб окей сэндвич молочный 500г,https://www.okeydostavka.ru/spb/khleb-okei-sendvich-molochnyi-500g
Хлеб и булочные изделия из пшеничной муки 1 и 2 сортов,хлеб петрохлеб деревенский молочный 350г нарезка,https://www.okeydostavka.ru/spb/konditerskie-izdeliia-khleb-16052-20/khlebobulochnye-izdeliia-16592-20/khleb-baton-lepeshki-lavash-16596-20/khleb-petrokhleb-derevenskii-molochnyi-350g-narezka
Хлеб и булочные изделия из пшеничной муки 1 и 2 сортов,хлеб богородский половинка нар 300г петрохлеб,https://www.okeydostavka.ru/spb/konditerskie-izdeliia-khleb-16052-20/khlebobulochnye-izdeliia-16592-20/khleb-baton-lepeshki-lavash-16596-20/khleb-bogorodskii-polovinka-nar-300g-petrokhleb
Хлеб и булочные изделия из пшеничной муки 1 и 2 сортов,хлеб хлебный дом геркулес молочный в нарезке 500г,https://www.okeydostavka.ru/spb/khleb-khlebnyi-dom-gerkules-molochnyi-v-narezke-500g
Хлеб и булочные изделия из пшеничной муки 1 и 2 сортов,хлеб столичный хлебный дом формовой нарезка 350г,https://www.okeydostavka.ru/spb/konditerskie-izdeliia-khleb-16052-20/khlebobulochnye-izdeliia-16592-20/khleb-baton-lepeshki-lavash-16596-20/khleb-stolichnyi-khlebnyi-dom-formovoi-narezka-350g
Рис шлифованный,рис для суши midori круглозернистый шлифованный 450г,https://www.okeydostavka.ru/spb/rastitel-nye-masla-sousy-i-pripravy-16598-20/aziatskaia-kukhnia-32558-20/ris-dlia-sushi-midori-kruglozernistyi-shlifovannyi-
Рис шлифованный,крупа рис агро-альянс рис рубин 800г,https://www.okeydostavka.ru/spb/bakaleia-i-konservatsiia-15063-20/krupy-15064-20/krupa-ris-agro-al-ians-ris-rubin-800g
Рис шлифованный,рис мистраль ориент 900г,https://www.okeydostavka.ru/spb/%D0%B1%D0%B0%D0%BA%D0%B0%D0%BB%D0%B5%D1%8F-%D0%B8-%D0%BA%D0%BE%D0%BD%D1%81%D0%B5%D1%80%D0%B2%D0%B0%D1%86%D0%B8%D1%8F--1/grains/%D0%BA%D1%80%D1%83%D0%BF%D0%B0-%D1%80%D0%B8%D1%81-%D0%BE%D1%80%D0%B8%D0%B5%D0%BD%D1%82-900%D0%B3-%D0%BC%D0%B8%D1%81%D1%82%D1%80%D0%B0%D0%BB%D1%8C-200871-parent--1
Рис шлифованный,рис для ризотто окей 500г,https://www.okeydostavka.ru/spb/%D0%B1%D0%B0%D0%BA%D0%B0%D0%BB%D0%B5%D1%8F-%D0%B8-%D0%BA%D0%BE%D0%BD%D1%81%D0%B5%D1%80%D0%B2%D0%B0%D1%86%D0%B8%D1%8F--1/grains/%D1%80%D0%B8%D1%81-%D0%B4%D0%BB%D1%8F-%D1%80%D0%B8%D0%B7%D0%BE%D1%82%D1%82%D0%BE-%D0%BE%D0%BA%D0%B5%D0%B9-500%D0%B3-857617-parent--1
Рис шлифованный,рис мистраль самарканд 500г,https://www.okeydostavka.ru/spb/%D0%B1%D0%B0%D0%BA%D0%B0%D0%BB%D0%B5%D1%8F-%D0%B8-%D0%BA%D0%BE%D0%BD%D1%81%D0%B5%D1%80%D0%B2%D0%B0%D1%86%D0%B8%D1%8F--1/grains/ris-mistral-samarkand-500g-809054-parent-1
Рис шлифованный,рис для плова окей 900г,https://www.okeydostavka.ru/spb/%D0%B1%D0%B0%D0%BA%D0%B0%D0%BB%D0%B5%D1%8F-%D0%B8-%D0%BA%D0%BE%D0%BD%D1%81%D0%B5%D1%80%D0%B2%D0%B0%D1%86%D0%B8%D1%8F--1/grains/%D1%80%D0%B8%D1%81-%D0%B4%D0%BB%D1%8F-%D0%BF%D0%BB%D0%BE%D0%B2%D0%B0-%D0%BE%D0%BA%D0%B5%D0%B9-900%D0%B3-851332-parent--1
Рис шлифованный,крупа рис золотистый националь 900г,https://www.okeydostavka.ru/spb/bakaleia-i-konservatsiia-15063-20/krupy-15064-20/krupa-ris-zolotistyi-natsional-900g
Рис шлифованный,крупа рис мистраль италика 1кг,https://www.okeydostavka.ru/spb/bakaleia-i-konservatsiia-15063-20/krupy-15064-20/krupa-ris-mistral-italika-1kg
Рис шлифованный,крупа рис мистраль басмати 500г,https://www.okeydostavka.ru/spb/bakaleia-i-konservatsiia-15063-20/krupy-15064-20/krupa-ris-mistral-basmati-500g
Рис шлифованный,крупа рис мистраль кубань 900г,https://www.okeydostavka.ru/spb/bakaleia-i-konservatsiia-15063-20/krupy-15064-20/krupa-ris-mistral-kuban-900g
Рис шлифованный,рис увелка по-болгарски 300г,https://www.okeydostavka.ru/spb/bakaleia-i-konservatsiia-15063-20/krupy-15064-20/ris-uvelka-po-bolgarski-300g
Рис шлифованный,крупа рис окей круглозерный 900г,https://www.okeydostavka.ru/spb/bakaleia-i-konservatsiia-15063-20/krupy-15064-20/krupa-ris-okei-kruglozernyi-900g
Рис шлифованный,рис мистраль для плова традиционного 900г,https://www.okeydostavka.ru/spb/bakaleia-i-konservatsiia-15063-20/krupy-15064-20/ris-mistral-dlia-plova-traditsionnogo-900g
Рис шлифованный,рис тчн! длиннозерный пропаренный 1000г,https://www.okeydostavka.ru/spb/bakaleia-i-konservatsiia-15063-20/krupy-15064-20/ris-tchn-dlinnozernyi-proparennyi-1000g
Рис шлифованный,крупа рис краснодарский националь 900г,https://www.okeydostavka.ru/spb/bakaleia-i-konservatsiia-15063-20/krupy-15064-20/krupa-ris-krasnodarskii-natsional-900g
Рис шлифованный,крупа рис тчн! длиннозерный 800г,https://www.okeydostavka.ru/spb/%D0%B1%D0%B0%D0%BA%D0%B0%D0%BB%D0%B5%D1%8F-%D0%B8-%D0%BA%D0%BE%D0%BD%D1%81%D0%B5%D1%80%D0%B2%D0%B0%D1%86%D0%B8%D1%8F--1/grains/ris-dlinnozernyi-800g-pl-fp-570950-parent-1
Пшено,крупа пшено мистраль 900г,https://www.okeydostavka.ru/spb/%D0%B1%D0%B0%D0%BA%D0%B0%D0%BB%D0%B5%D1%8F-%D0%B8-%D0%BA%D0%BE%D0%BD%D1%81%D0%B5%D1%80%D0%B2%D0%B0%D1%86%D0%B8%D1%8F--1/grains/krupa-psheno-900g-mistral--528061-parent-1
Пшено,"крупа пшено prosto 8х62,5г",https://www.okeydostavka.ru/spb/bakaleia-i-konservatsiia-15063-20/krupy-15064-20/krupa-psheno-prosto-8kh62-5g
Пшено,крупа пшено тчн! шлифованное 800г,https://www.okeydostavka.ru/spb/bakaleia-i-konservatsiia-15063-20/krupy-15064-20/krupa-psheno-tchn-shlifovannoe-800g
Пшено,крупа пшено увелка шлиф 5х80г,https://www.okeydostavka.ru/spb/bakaleia-i-konservatsiia-15063-20/krupy-15064-20/krupa-psheno-uvelka-shlif-5kh80g
Пшено,крупа пшено окей 5х100г в варочных пакетах,https://www.okeydostavka.ru/spb/bakaleia-i-konservatsiia-15063-20/krupy-15064-20/krupa-psheno-okei-5kh100g-v-varochnykh-paketakh
Пшено,крупа увелка дружба рис/пшено 400г,https://www.okeydostavka.ru/spb/bakaleia-i-konservatsiia-15063-20/krupy-15064-20/krupa-uvelka-druzhba-ris-psheno-400g
Горох и фасоль,горох тчн! шлифованный 800г,https://www.okeydostavka.ru/spb/bakaleia-i-konservatsiia-15063-20/krupy-15064-20/gorokh-tchn-shlifovannyi-800g
Горох и фасоль,крупа горох экспортный националь 900г,https://www.okeydostavka.ru/spb/%D0%B1%D0%B0%D0%BA%D0%B0%D0%BB%D0%B5%D1%8F-%D0%B8-%D0%BA%D0%BE%D0%BD%D1%81%D0%B5%D1%80%D0%B2%D0%B0%D1%86%D0%B8%D1%8F--1/grains/krupa-gorokh-eksportnyi-900g-natsional--7614-parent-1
Горох и фасоль,крупа горох мистраль желтый колотый 500г,https://www.okeydostavka.ru/spb/bakaleia-i-konservatsiia-15063-20/krupy-15064-20/krupa-gorokh-mistral-zheltyi-kolotyi-500g
Горох и фасоль,крупа горох мистраль орегон зеленый колотый 500г,https://www.okeydostavka.ru/spb/bakaleia-i-konservatsiia-15063-20/krupy-15064-20/krupa-gorokh-mistral-oregon-zelenyi-kolotyi-500g
Горох и фасоль,крупа горох агро-альянс gold колотый 450г,https://www.okeydostavka.ru/spb/bakaleia-i-konservatsiia-15063-20/krupy-15064-20/krupa-gorokh-agro-al-ians-gold-kolotyi-450g
Горох и фасоль,горошек свежий 250г упак,https://www.okeydostavka.ru/spb/ovoshchi-frukty-griby-iagody-16568-20/ovoshchi-16570-20/goroshek-svezhii-250g-upak
Горох и фасоль,зелёный горошек тчн! 400г,https://www.okeydostavka.ru/spb/zamorozka-gotovaia-kulinariia-15104-20/ovoshchi-iagody-griby-zamorozhennye-15106-20/zelenyi-goroshek-tchn-400g
Горох и фасоль,зеленый горошек bonduelle 400г,https://www.okeydostavka.ru/spb/zamorozka-gotovaia-kulinariia-15104-20/ovoshchi-iagody-griby-zamorozhennye-15106-20/zelenyi-goroshek-bonduelle-400g
Горох и фасоль,горошек пиканта печеный с овощами 530г,https://www.okeydostavka.ru/spb/bakaleia-i-konservatsiia-15063-20/konservatsiia-16059-20/ovoshchnaia-konservatsiia-24568-20/goroshek-pikanta-pechenyi-s-ovoshchami-530g
Горох и фасоль,горошек зеленый green ray 425мл,https://www.okeydostavka.ru/spb/bakaleia-i-konservatsiia-15063-20/konservatsiia-16059-20/ovoshchnaia-konservatsiia-24568-20/goroshek-zelenyi-green-ray-425ml
Горох и фасоль,горошек зеленый нежный globus 425мл,https://www.okeydostavka.ru/spb/goroshek-zelenyi-nezhnyi-globus-425ml
Горох и фасоль,горошек зеленый фрау марта 310г,https://www.okeydostavka.ru/spb/goroshek-zelenyi-frau-marta-310g
Горох и фасоль,горошек bonduelle зеленый молодой 425мл,https://www.okeydostavka.ru/spb/goroshek-bonduelle-zelenyi-molodoi-425ml
Горох и фасоль,горошек тчн! зеленый салатный 400г,https://www.okeydostavka.ru/spb/goroshek-tchn-zelenyi-salatnyi-400g
Горох и фасоль,молодой горошек без сахара 425мл,https://www.okeydostavka.ru/spb/molodoi-goroshek-bez-sakhara-425ml
Горох и фасоль,горошек зеленый bonduelle 400г ж/б,https://www.okeydostavka.ru/spb/bakaleia-i-konservatsiia-15063-20/konservatsiia-16059-20/ovoshchnaia-konservatsiia-24568-20/goroshek-zelenyi-bonduelle-400g-zh-b
Вермишель,макароны pasta zara вермишель 500г,https://www.okeydostavka.ru/spb/bakaleia-i-konservatsiia-15063-20/makaronnye-izdeliia-15065-20/makarony-pasta-zara-vermishel-500g
Вермишель,макароны federici вермишель №96 500г,https://www.okeydostavka.ru/spb/bakaleia-i-konservatsiia-15063-20/makaronnye-izdeliia-15065-20/makarony-federici-vermishel-96-500g
Вермишель,макаронные изделия pasteroni вермишель №136 400г,https://www.okeydostavka.ru/spb/bakaleia-i-konservatsiia-15063-20/makaronnye-izdeliia-15065-20/makaronnye-izdeliia-pasteroni-vermishel-136-400g
Вермишель,макаронные изделия aida filini вермишель 500г,https://www.okeydostavka.ru/spb/bakaleia-i-konservatsiia-15063-20/makaronnye-izdeliia-15065-20/makaronnye-izdeliia-aida-filini-vermishel-500g
Вермишель,макароны экстра м вермишель №36 400г,https://www.okeydostavka.ru/spb/%D0%B1%D0%B0%D0%BA%D0%B0%D0%BB%D0%B5%D1%8F-%D0%B8-%D0%BA%D0%BE%D0%BD%D1%81%D0%B5%D1%80%D0%B2%D0%B0%D1%86%D0%B8%D1%8F--1/pasta/makarony-ekstra-m-vermishel-36-400g-745459-parent-1
Вермишель,макаронные изделия макфа цельнозерновые вермишель длинная 500г,https://www.okeydostavka.ru/spb/bakaleia-i-konservatsiia-15063-20/makaronnye-izdeliia-15065-20/makaronnye-izdeliia-makfa-tsel-nozernovye-vermishel-
Вермишель,вермишель быстрого приготовления тчн! со вкусом говядины 60г,https://www.okeydostavka.ru/spb/bakaleia-i-konservatsiia-15063-20/supy-i-bliuda-bystrogo-prigotovleniia-15068-20/vermishel-bystrogo-prigotovleniia-tchn-so-vkusom-goviadiny-60g
Вермишель,вермишель быстрого приготовления тчн! со вкусом курицы 60г,https://www.okeydostavka.ru/spb/bakaleia-i-konservatsiia-15063-20/supy-i-bliuda-bystrogo-prigotovleniia-15068-20/vermishel-bystrogo-prigotovleniia-tchn-so-vkusom-
Картофель,картофель сетка 5кг упак,https://www.okeydostavka.ru/spb/ovoshchi-frukty-griby-iagody-16568-20/ovoshchi-16570-20/kartofel-setka-5kg-upak
Картофель,картофель мытый кг,https://www.okeydostavka.ru/spb/ovoshchi-frukty-griby-iagody-16568-20/ovoshchi-16570-20/kartofel-mytyi-kg
Картофель,картофель ранний импортный кг,https://www.okeydostavka.ru/spb/ovoshchi-frukty-griby-iagody-16568-20/ovoshchi-16570-20/kartofel-rannii-importnyi-kg
Картофель,картофель для варки 3кг,https://www.okeydostavka.ru/spb/%D0%BE%D0%B2%D0%BE%D1%89%D0%B8-%D0%B8-%D1%84%D1%80%D1%83%D0%BA%D1%82%D1%8B--1/vegetables-16570--1/kartofel-dlia-varki-3kg-up-14103-parent-1
Картофель,"картофель отборный 2,5кг домик",https://www.okeydostavka.ru/spb/%D0%BE%D0%B2%D0%BE%D1%89%D0%B8-%D0%B8-%D1%84%D1%80%D1%83%D0%BA%D1%82%D1%8B--1/vegetables-16570--1/kartofel-otbornyi-2-5kg-domik-up-632460-parent-1
Капуста белокочанная свежая,капуста белокочанная кг,https://www.okeydostavka.ru/spb/ovoshchi-frukty-griby-iagody-16568-20/ovoshchi-16570-20/kapusta-belokochannaia-kg
Капуста белокочанная свежая,капуста белокочанная нарезанная 250г,https://www.okeydostavka.ru/spb/kapusta-belokochannaia-narezannaia-250g
Капуста белокочанная свежая,капуста б/к ранняя кг,https://www.okeydostavka.ru/spb/%D0%B2%D1%8B%D0%B3%D0%BE%D0%B4%D0%BD%D1%8B%D0%B5-%D1%81%D0%BA%D0%B8%D0%B4%D0%BA%D0%B8/%D0%B2%D1%8B%D0%B3%D0%BE%D0%B4%D0%BD%D1%8B%D0%B5-%D1%81%D0%BA%D0%B8%D0%B4%D0%BA%D0%B8-3074457345616778223--20/kapusta-b-k-ranniaia-kg
Капуста белокочанная свежая,капуста кисло-сладкая захаровские продукты 500г,https://www.okeydostavka.ru/spb/kapusta-kvashennaia-ip-son-450g-627659-parent-1
Капуста белокочанная свежая,капуста б/к нарезанная сегментами 500г в/у,https://www.okeydostavka.ru/spb/kapusta-b-k-narezannaia-segmentami-500g-v-u
Морковь,морковь мытая кг,https://www.okeydostavka.ru/spb/ovoshchi-frukty-griby-iagody-16568-20/ovoshchi-16570-20/morkov-mytaia-kg
Морковь,морковь мытая 1кг п/э,https://www.okeydostavka.ru/spb/%D0%BE%D0%B2%D0%BE%D1%89%D0%B8-%D0%B8-%D1%84%D1%80%D1%83%D0%BA%D1%82%D1%8B--1/vegetables-16570--1/morkov-mytaia-1kg-p-e-249300-parent-1
Морковь,морковь отварная 500г упак,https://www.okeydostavka.ru/spb/morkov-otvarnaia-500g-upak
Морковь,морковные палочки 100г упак,https://www.okeydostavka.ru/spb/ovoshchi-frukty-griby-iagody-16568-20/ovoshchi-16570-20/morkovnye-palochki-100g-upak
Огурцы свежие,огурцы длинноплодные шт,https://www.okeydostavka.ru/spb/ovoshchi-frukty-griby-iagody-16568-20/ovoshchi-16570-20/ogurtsy-dlinnoplodnye-sht
Огурцы свежие,огурцы короткоплодные тепличные кг,https://www.okeydostavka.ru/spb/ovoshchi-frukty-griby-iagody-16568-20/ovoshchi-16570-20/ogurtsy-korotkoplodnye-teplichnye-kg
Огурцы свежие,огурцы люкс 450г упак,https://www.okeydostavka.ru/spb/ovoshchi-frukty-griby-iagody-16568-20/ovoshchi-16570-20/ogurtsy-liuks-450g-upak
Огурцы свежие,огурцы бакинские 300г упак,https://www.okeydostavka.ru/spb/%D0%BE%D0%B2%D0%BE%D1%89%D0%B8-%D0%B8-%D1%84%D1%80%D1%83%D0%BA%D1%82%D1%8B--1/vegetables-16570--1/%D0%BE%D0%B3%D1%83%D1%80%D1%86%D1%8B-%D1%8D%D0%BA%D1%81%D1%82%D1%80%D0%B0-%D0%BD%D0%BE%D0%B2%D0%B8%D0%BA%D0%BE%D0%B2-300%D0%B3--%D1%83%D0%BF-639673-parent--1
Огурцы свежие,огурцы среднеплодные колючие 600г упак,https://www.okeydostavka.ru/spb/ovoshchi-frukty-griby-iagody-16568-20/ovoshchi-16570-20/ogurtsy-sredneplodnye-koliuchie-600g-upak-696036-parent
Огурцы свежие,огурцы среднеплодные гладкие 600г упак,https://www.okeydostavka.ru/spb/ovoshchi-frukty-griby-iagody-16568-20/ovoshchi-16570-20/ogurtsy-sredneplodnye-gladkie-600g-upak-472251-parent
Огурцы свежие,огурцы короткоплодные теплич 450г упак,https://www.okeydostavka.ru/spb/ovoshchi-frukty-griby-iagody-16568-20/ovoshchi-16570-20/ogurtsy-korotkoplodnye-teplich-450g-upak
Огурцы свежие,огурцы среднеплодные гладкие тепличные кг,https://www.okeydostavka.ru/spb/%D0%BE%D0%B2%D0%BE%D1%89%D0%B8-%D0%B8-%D1%84%D1%80%D1%83%D0%BA%D1%82%D1%8B--1/vegetables-16570--1/%D0%BE%D0%B3%D1%83%D1%80%D0%B5%D1%86-%D1%81%D1%80%D0%B5%D0%B4%D0%BD%D0%B5%D0%BF%D0%BB%D0%BE%D0%B4%D0%BD%D1%8B%D0%B9-%D0%B3%D0%BB%D0%B0%D0%B4%D0%BA%D0%B8%D0%B9-%D0%B4%D0%B8%D0%B2%D0%B8%D1%8F-%D0%BA%D0%B3-%D1%84%D0%B0%D1%81-757428-parent--1
Огурцы свежие,огурцы среднеплодные колючие тепличные кг,https://www.okeydostavka.ru/spb/%D0%BE%D0%B2%D0%BE%D1%89%D0%B8-%D0%B8-%D1%84%D1%80%D1%83%D0%BA%D1%82%D1%8B--1/vegetables-16570--1/%D0%BE%D0%B3%D1%83%D1%80%D0%B5%D1%86--%D1%81%D0%B2%D0%BE%D0%B9-%D0%BE%D0%B3%D0%BE%D1%80%D0%BE%D0%B4-738172-parent--1
Огурцы свежие,огурцы солёные тчн! по-домашнему 900г,https://www.okeydostavka.ru/spb/%D0%B1%D0%B0%D0%BA%D0%B0%D0%BB%D0%B5%D1%8F-%D0%B8-%D0%BA%D0%BE%D0%BD%D1%81%D0%B5%D1%80%D0%B2%D0%B0%D1%86%D0%B8%D1%8F--1/canned-foods/%D0%BE%D0%B2%D0%BE%D1%89%D0%BD%D0%B0%D1%8F-%D0%BA%D0%BE%D0%BD%D1%81%D0%B5%D1%80%D0%B2%D0%B0%D1%86%D0%B8%D1%8F--1/ogurtsy-solenye-tchn-po-domashnemu-900g-841748-parent-1
Огурцы свежие,огурцы хороший сезон с хрустом 680г/720мл ст,https://www.okeydostavka.ru/spb/%D0%B1%D0%B0%D0%BA%D0%B0%D0%BB%D0%B5%D1%8F-%D0%B8-%D0%BA%D0%BE%D0%BD%D1%81%D0%B5%D1%80%D0%B2%D0%B0%D1%86%D0%B8%D1%8F--1/canned-foods/%D0%BE%D0%B2%D0%BE%D1%89%D0%BD%D0%B0%D1%8F-%D0%BA%D0%BE%D0%BD%D1%81%D0%B5%D1%80%D0%B2%D0%B0%D1%86%D0%B8%D1%8F--1/ogurtsy-khoroshii-sezon-s-khrustom-680g-720ml-st-844480-parent-1
Огурцы свежие,огурцы турбо здравень 150г,https://www.okeydostavka.ru/spb/specialoffer-orspb/favorable-discounts-3074457345616778223--1/ogurtsy-turbo-zdraven-150g-760455-parent-1
Огурцы свежие,релиш дядя ваня с огурцами и горчицей 350г,https://www.okeydostavka.ru/spb/bakaleia-i-konservatsiia-15063-20/konservatsiia-16059-20/gotovye-bliuda-konservirovannye-16067-20/relish-diadia-vania-s-ogurtsami-i-gorchitsei-350g
Огурцы свежие,риет из тунца с оливками и огурцами меридиан эко 100г,https://www.okeydostavka.ru/spb/fish-seafood-and-caviar/fish-deli-products/preserves/%D1%80%D0%B8%D0%B5%D1%82-%D0%B8%D0%B7-%D1%82%D1%83%D0%BD%D1%86%D0%B0-%D1%81-%D0%BE%D0%BB%D0%B8%D0%B2%D0%BA%D0%B0%D0%BC%D0%B8-%D0%B8-%D0%BE%D0%B3%D1%83%D1%80%D1%86%D0%B0%D0%BC%D0%B8-%D0%BC%D0%B5%D1%80%D0%B8%D0%B4%D0%B8%D0%B0%D0%BD-%D1%8D%D0%BA%D0%BE-870287-parent-3074457345617638040--1
Лук репчатый,лук репчатый кг,https://www.okeydostavka.ru/spb/ovoshchi-frukty-griby-iagody-16568-20/ovoshchi-16570-20/luk-repchatyi-kg
Лук репчатый,лук репчатый белый кг,https://www.okeydostavka.ru/spb/ovoshchi-frukty-griby-iagody-16568-20/ovoshchi-16570-20/luk-repchatyi-belyi-kg
Лук репчатый,лук репчатый фас кг,https://www.okeydostavka.ru/spb/ovoshchi-frukty-griby-iagody-16568-20/ovoshchi-16570-20/luk-repchatyi-fas-kg
Лук репчатый,лук репчатый красный кг,https://www.okeydostavka.ru/spb/ovoshchi-frukty-griby-iagody-16568-20/ovoshchi-16570-20/luk-repchatyi-krasnyi-kg
Лук репчатый,лук шалот кг,https://www.okeydostavka.ru/spb/ovoshchi-frukty-griby-iagody-16568-20/ovoshchi-16570-20/luk-shalot-kg
Лук репчатый,лук красный чулок 500г упак,https://www.okeydostavka.ru/spb/%D0%BE%D0%B2%D0%BE%D1%89%D0%B8-%D0%B8-%D1%84%D1%80%D1%83%D0%BA%D1%82%D1%8B--1/vegetables-16570--1/luk-krasnyi-chulok-500g-up-631750-parent-1
Лук репчатый,лук желтый чулок 600г упак,https://www.okeydostavka.ru/spb/%D0%BE%D0%B2%D0%BE%D1%89%D0%B8-%D0%B8-%D1%84%D1%80%D1%83%D0%BA%D1%82%D1%8B--1/vegetables-16570--1/luk-zheltyi-chulok-600g-up-631753-parent-1
Лук репчатый,лук ялтинский красный 300г уп,https://www.okeydostavka.ru/spb/%D0%BE%D0%B2%D0%BE%D1%89%D0%B8-%D0%B8-%D1%84%D1%80%D1%83%D0%BA%D1%82%D1%8B--1/vegetables-16570--1/luk-ialtinskii-krasnyi-300g-up-768218-parent-1
Лук репчатый,лук зеленый спец 7г,https://www.okeydostavka.ru/spb/luk-zelenyi-spets-7g
Лук репчатый,лук 50г упак,https://www.okeydostavka.ru/spb/luk-50g-upak
Лук репчатый,лук 150г упак,https://www.okeydostavka.ru/spb/luk-150g-upak
Лук репчатый,лук зеленый 90г упак,https://www.okeydostavka.ru/spb/luk-zelenyi-90g-upak
Лук репчатый,лапша биг ланч тушеная курица/лук 100г,https://www.okeydostavka.ru/spb/bakaleia-i-konservatsiia-15063-20/supy-i-bliuda-bystrogo-prigotovleniia-15068-20/lapsha-big-lanch-tushenaia-kuritsa-luk-100g
Лук репчатый,лапша биг ланч тушеная курица/лук 90г,https://www.okeydostavka.ru/spb/bakaleia-i-konservatsiia-15063-20/supy-i-bliuda-bystrogo-prigotovleniia-15068-20/lapsha-big-lanch-tushenaia-kuritsa-luk-90g
Лук репчатый,свекла валдайский погребок маринованная 500г,https://www.okeydostavka.ru/spb/bakaleia-i-konservatsiia-15063-20/konservatsiia-16059-20/ovoshchnaia-konservatsiia-24568-20/svekla-valdaiskii-pogrebok-marinovannaia-500g
Лук репчатый,черемша скатерть-самобранка маринованная 370 мл,https://www.okeydostavka.ru/spb/bakaleia-i-konservatsiia-15063-20/konservatsiia-16059-20/ovoshchnaia-konservatsiia-24568-20/cheremsha-skatert-samobranka-marinovannaia-370-ml
Яблоки,яблоки грени смит фас подложка кг,https://www.okeydostavka.ru/spb/ovoshchi-frukty-griby-iagody-16568-20/frukty-i-iagody-16589-20/iabloki-greni-smit-fas-podlozhka-kg
Яблоки,яблоки грени смит кг,https://www.okeydostavka.ru/spb/ovoshchi-frukty-griby-iagody-16568-20/frukty-i-iagody-16589-20/iabloki-greni-smit-kg
Яблоки,яблоки антоновка кг,https://www.okeydostavka.ru/spb/ovoshchi-frukty-griby-iagody-16568-20/frukty-i-iagody-16589-20/iabloki-antonovka-kg
Яблоки,яблоки кг,https://www.okeydostavka.ru/spb/ovoshchi-frukty-griby-iagody-16568-20/frukty-i-iagody-16589-20/iabloki-kg
Яблоки,яблоки гольден фас подложка кг,https://www.okeydostavka.ru/spb/ovoshchi-frukty-griby-iagody-16568-20/frukty-i-iagody-16589-20/iabloki-gol-den-fas-podlozhka-kg
Яблоки,яблоки айдаред кг,https://www.okeydostavka.ru/spb/iabloki-aidared-kg
Яблоки,яблоки россия фас пак кг,https://www.okeydostavka.ru/spb/ovoshchi-frukty-griby-iagody-16568-20/frukty-i-iagody-16589-20/iabloki-rossiia-fas-pak-kg
Яблоки,яблоки ред делишес кг,https://www.okeydostavka.ru/spb/ovoshchi-frukty-griby-iagody-16568-20/frukty-i-iagody-16589-20/iabloki-red-delishes-kg
Яблоки,яблоки пинк леди кг,https://www.okeydostavka.ru/spb/ovoshchi-frukty-griby-iagody-16568-20/frukty-i-iagody-16589-20/iabloki-pink-ledi-kg
Яблоки,яблоки гала фас подложка кг,https://www.okeydostavka.ru/spb/ovoshchi-frukty-griby-iagody-16568-20/frukty-i-iagody-16589-20/iabloki-gala-fas-podlozhka-kg
Яблоки,яблоки гала кг,https://www.okeydostavka.ru/spb/ovoshchi-frukty-griby-iagody-16568-20/frukty-i-iagody-16589-20/iabloki-gala-kg
Яблоки,яблоки симиренко фас пак кг,https://www.okeydostavka.ru/spb/ovoshchi-frukty-griby-iagody-16568-20/frukty-i-iagody-16589-20/iabloki-simirenko-fas-pak-kg
Яблоки,яблоки голден кг,https://www.okeydostavka.ru/spb/iabloki-golden-kg
Печенье,печенье воздушное,https://www.okeydostavka.ru/spb/konditerskie-izdeliia-khleb-16052-20/nasha-pekarnia-69552-20/pechen-e-vozdushnoe
Печенье,печенье oreo 95г,https://www.okeydostavka.ru/spb/konditerskie-izdeliia-khleb-16052-20/muchnye-konditerskie-izdeliia-16056-20/pechen-e-oreo-95g
Печенье,печенье здоровье с изюмом,https://www.okeydostavka.ru/spb/konditerskie-izdeliia-khleb-16052-20/nasha-pekarnia-69552-20/pechen-e-zdorov-e-s-iziumom
Печенье,печенье песочное курабье,https://www.okeydostavka.ru/spb/konditerskie-izdeliia-khleb-16052-20/nasha-pekarnia-69552-20/pechen-e-pesochnoe-kurab-e
Печенье,печенье юбилейное традиционное 112г,https://www.okeydostavka.ru/spb/konditerskie-izdeliia-khleb-16052-20/muchnye-konditerskie-izdeliia-16056-20/pechen-e-iubileinoe-traditsionnoe-112g
Печенье,печенье курабье 300г петрохлеб,https://www.okeydostavka.ru/spb/konditerskie-izdeliia-khleb-16052-20/muchnye-konditerskie-izdeliia-16056-20/pechen-e-kurab-e-300g-petrokhleb
Печенье,печенье овсяное 500г петрохлеб,https://www.okeydostavka.ru/spb/konditerskie-izdeliia-khleb-16052-20/muchnye-konditerskie-izdeliia-16056-20/pechen-e-ovsianoe-500g-petrokhleb
Печенье,печенье слодыч малиновый 100г,https://www.okeydostavka.ru/spb/konditerskie-izdeliia-khleb-16052-20/muchnye-konditerskie-izdeliia-16056-20/pechen-e-slodych-malinovyi-100g
Печенье,печенье песочное 400г петрохлеб,https://www.okeydostavka.ru/spb/konditerskie-izdeliia-khleb-16052-20/muchnye-konditerskie-izdeliia-16056-20/pechen-e-pesochnoe-400g-petrokhleb
Печенье,печенье любятово постное 300г,https://www.okeydostavka.ru/spb/konditerskie-izdeliia-khleb-16052-20/muchnye-konditerskie-izdeliia-16056-20/pechen-e-liubiatovo-postnoe-300g
Печенье,печенье юбилейное молочное 112г,https://www.okeydostavka.ru/spb/pechen-e-iubileinoe-molochnoe-112g
Печенье,печенье любятово шоколадное 335г,https://www.okeydostavka.ru/spb/pechen-e-liubiatovo-shokoladnoe-335g-736905-parent
Печенье,печенье каскад с изюмом 300г,https://www.okeydostavka.ru/spb/pechen-e-kaskad-s-iziumom-300g
Печенье,печенье галеты микс 320г,https://www.okeydostavka.ru/spb/pechen-e-galety-miks-320g
Печенье,детское печенье расти большой 100г,https://www.okeydostavka.ru/spb/detskoe-pechen-e-rasti-bol-shoi-100g
Печенье,печенье choco boy 100г orion,https://www.okeydostavka.ru/spb/konditerskie-izdeliia-khleb-16052-20/muchnye-konditerskie-izdeliia-16056-20/pechen-e-choco-boy-100g-orion
Карамель,карамель lollipops на палочке 31г,https://www.okeydostavka.ru/spb/konditerskie-izdeliia-khleb-16052-20/zhevatel-nye-rezinki-osvezhaiushchie-konfety-16053-20/karamel-lollipops-na-palochke-31g
Карамель,карамель мятная 250г рот фронт,https://www.okeydostavka.ru/spb/%D1%85%D0%BB%D0%B5%D0%B1--%D0%BA%D0%BE%D0%BD%D0%B4%D0%B8%D1%82%D0%B5%D1%80%D1%81%D0%BA%D0%B8%D0%B5-%D0%B8%D0%B7%D0%B4%D0%B5%D0%BB%D0%B8%D1%8F--1/sweets/%D0%BA%D0%B0%D1%80%D0%B0%D0%BC%D0%B5%D0%BB%D1%8C-%D0%BC%D1%8F%D1%82%D0%BD%D0%B0%D1%8F-250%D0%B3-364131-parent--1
Карамель,карамель лимончики 250г рот фронт,https://www.okeydostavka.ru/spb/%D1%85%D0%BB%D0%B5%D0%B1--%D0%BA%D0%BE%D0%BD%D0%B4%D0%B8%D1%82%D0%B5%D1%80%D1%81%D0%BA%D0%B8%D0%B5-%D0%B8%D0%B7%D0%B4%D0%B5%D0%BB%D0%B8%D1%8F--1/sweets/%D0%BA%D0%B0%D1%80%D0%B0%D0%BC%D0%B5%D0%BB%D1%8C-%D0%BB%D0%B8%D0%BC%D0%BE%D0%BD%D1%87%D0%B8%D0%BA%D0%B8-250%D0%B3-475058-parent--1
Карамель,карамель мечта 250г рот фронт,https://www.okeydostavka.ru/spb/%D1%85%D0%BB%D0%B5%D0%B1--%D0%BA%D0%BE%D0%BD%D0%B4%D0%B8%D1%82%D0%B5%D1%80%D1%81%D0%BA%D0%B8%D0%B5-%D0%B8%D0%B7%D0%B4%D0%B5%D0%BB%D0%B8%D1%8F--1/sweets/karamel-mechta-rot-front-250g-213226-parent-1
Карамель,карамель москвичка 250г рот фронт,https://www.okeydostavka.ru/spb/%D1%85%D0%BB%D0%B5%D0%B1--%D0%BA%D0%BE%D0%BD%D0%B4%D0%B8%D1%82%D0%B5%D1%80%D1%81%D0%BA%D0%B8%D0%B5-%D0%B8%D0%B7%D0%B4%D0%B5%D0%BB%D0%B8%D1%8F--1/sweets/karamel-moskvichka-rot-front-250g-203876-parent-1
Карамель,карамель бон пари ассорти 75г,https://www.okeydostavka.ru/spb/%D1%85%D0%BB%D0%B5%D0%B1--%D0%BA%D0%BE%D0%BD%D0%B4%D0%B8%D1%82%D0%B5%D1%80%D1%81%D0%BA%D0%B8%D0%B5-%D0%B8%D0%B7%D0%B4%D0%B5%D0%BB%D0%B8%D1%8F--1/sweets/%D0%BA%D0%B0%D1%80%D0%B0%D0%BC%D0%B5%D0%BB%D1%8C-%D0%B1%D0%BE%D0%BD-%D0%BF%D0%B0%D1%80%D0%B8-%D0%B0%D1%81%D1%81%D0%BE%D1%80%D1%82%D0%B8-75%D0%B3-156240-parent--1
Карамель,карамель малютка 250г рот фронт,https://www.okeydostavka.ru/spb/%D1%85%D0%BB%D0%B5%D0%B1--%D0%BA%D0%BE%D0%BD%D0%B4%D0%B8%D1%82%D0%B5%D1%80%D1%81%D0%BA%D0%B8%D0%B5-%D0%B8%D0%B7%D0%B4%D0%B5%D0%BB%D0%B8%D1%8F--1/sweets/karamel-maliutka-rot-front-assorti-250g-fas-566975-parent-1
Карамель,карамель бон пари ассорти 500г,https://www.okeydostavka.ru/spb/%D1%85%D0%BB%D0%B5%D0%B1--%D0%BA%D0%BE%D0%BD%D0%B4%D0%B8%D1%82%D0%B5%D1%80%D1%81%D0%BA%D0%B8%D0%B5-%D0%B8%D0%B7%D0%B4%D0%B5%D0%BB%D0%B8%D1%8F--1/sweets/%D0%BA%D0%B0%D1%80%D0%B0%D0%BC%D0%B5%D0%BB%D1%8C-%D0%B1%D0%BE%D0%BD-%D0%BF%D0%B0%D1%80%D0%B8-%D0%B0%D1%81%D1%81%D0%BE%D1%80%D1%82%D0%B8-%D0%BB%D0%B5%D0%B4%D0%B5%D0%BD%D1%86%D0%BE%D0%B2%D0%B0%D1%8F-500%D0%B3-441402-parent--1
Карамель,карамель раковые шейки 250г красный октябрь,https://www.okeydostavka.ru/spb/%D1%85%D0%BB%D0%B5%D0%B1--%D0%BA%D0%BE%D0%BD%D0%B4%D0%B8%D1%82%D0%B5%D1%80%D1%81%D0%BA%D0%B8%D0%B5-%D0%B8%D0%B7%D0%B4%D0%B5%D0%BB%D0%B8%D1%8F--1/sweets/%D0%BA%D0%B0%D1%80%D0%B0%D0%BC%D0%B5%D0%BB%D1%8C-%D1%80%D0%B0%D0%BA%D0%BE%D0%B2%D1%8B%D0%B5-%D1%88%D0%B5%D0%B9%D0%BA%D0%B8-250%D0%B3-367204-parent--1
Карамель,карамель гусиные лапки 250г рот фронт,https://www.okeydostavka.ru/spb/%D1%85%D0%BB%D0%B5%D0%B1--%D0%BA%D0%BE%D0%BD%D0%B4%D0%B8%D1%82%D0%B5%D1%80%D1%81%D0%BA%D0%B8%D0%B5-%D0%B8%D0%B7%D0%B4%D0%B5%D0%BB%D0%B8%D1%8F--1/sweets/karamel-gusinye-lapki-rot-front-250g-367205-parent-1
Карамель,карамель chupa chups макс фруттелла 17г,https://www.okeydostavka.ru/spb/konditerskie-izdeliia-khleb-16052-20/zhevatel-nye-rezinki-osvezhaiushchie-konfety-16053-20/karamel-chupa-chups-maks-fruttella-17g
Карамель,карамель петушок петруша фигурная на палочке 20г,https://www.okeydostavka.ru/spb/konditerskie-izdeliia-khleb-16052-20/zhevatel-nye-rezinki-osvezhaiushchie-konfety-16053-20/karamel-petushok-petrusha-figurnaia-na-palochke-20g
Карамель,карамель бон пари травы и мёд 65г,https://www.okeydostavka.ru/spb/%D1%85%D0%BB%D0%B5%D0%B1--%D0%BA%D0%BE%D0%BD%D0%B4%D0%B8%D1%82%D0%B5%D1%80%D1%81%D0%BA%D0%B8%D0%B5-%D0%B8%D0%B7%D0%B4%D0%B5%D0%BB%D0%B8%D1%8F--1/sweets/%D0%BA%D0%B0%D1%80%D0%B0%D0%BC%D0%B5%D0%BB%D1%8C-%D0%B1%D0%BE%D0%BD-%D0%BF%D0%B0%D1%80%D0%B8-%D1%82%D1%80%D0%B0%D0%B2%D1%8B-%D0%B8-%D0%BC%D1%91%D0%B4-65%D0%B3-856240-parent--1
Карамель,попкорн caramoon с карамелью 70г,https://www.okeydostavka.ru/spb/bakaleia-i-konservatsiia-15063-20/sneki-15070-20/popkorn-caramoon-s-karamel-iu-70g
Карамель,мочалка eva карамель ladies артмс402,https://www.okeydostavka.ru/spb/avto-dom-sad-otdykh-16608-20/tovary-dlia-remonta-dachi-i-otdykha-16614-20/tovary-dlia-sauny-i-bani-16620-20/mochalka-eva-karamel-ladies-artms402
Карамель,попкорн caramoon с карамелью и арахисом 70г,https://www.okeydostavka.ru/spb/bakaleia-i-konservatsiia-15063-20/sneki-15070-20/popkorn-caramoon-s-karamel-iu-i-arakhisom-70g
Чай черный байховый,чай чёрный азерчай букет крупнолистовой 200г картон,https://www.okeydostavka.ru/spb/hot-and-cold-drinks/tea/chai-chernyi-azerchai-buket-krupnolistovoi-200g-karton-818231-parent-1
Чай черный байховый,чай чёрный азерчай букет крупнолистовой 400г мягк/уп,https://www.okeydostavka.ru/spb/hot-and-cold-drinks/tea/chai-chernyi-azerchai-buket-krupnolistovoi-400g-miagk-up-818232-parent-1
Чай черный байховый,чай чёрный азерчай с бергамотом 100 x 2г пакет б/конв,https://www.okeydostavka.ru/spb/hot-and-cold-drinks/tea/chai-chernyi-azerchai-s-bergamotom-100-x-2g-paket-b-konv-818229-parent-1
Чай черный байховый,чай чёрный азерчай букет 100 х 2г пакет б/конв,https://www.okeydostavka.ru/spb/hot-and-cold-drinks/tea/chai-chernyi-azerchai-buket-100-kh-2g-paket-b-konv-818230-parent-1
Чай черный байховый,чай hyleys королевский слон черный байховый 100пак,https://www.okeydostavka.ru/spb/goriachie-i-kholodnye-napitki-16562-20/chai-30552-20/chai-hyleys-korolevskii-slon-chernyi-baikhovyi-100pak
Чай черный байховый,чай черный принцесса нури черная смородина 25пак,https://www.okeydostavka.ru/spb/goriachie-i-kholodnye-napitki-16562-20/chai-30552-20/chai-chernyi-printsessa-nuri-chernaia-smorodina-25pak
Чай черный байховый,чай черный akbar 25пак,https://www.okeydostavka.ru/spb/hot-and-cold-drinks/tea/chai-chernyi-akbar-25pak-s-ia-178708-parent-1
Чай черный байховый,чай черный greenfield yunnan 25пак,https://www.okeydostavka.ru/spb/goriachie-i-kholodnye-napitki-16562-20/chai-30552-20/chai-chernyi-greenfield-yunnan-25pak
Чай черный байховый,чай черный окей тропик 25пак,https://www.okeydostavka.ru/spb/goriachie-i-kholodnye-napitki-16562-20/chai-30552-20/chai-chernyi-okei-tropik-25pak
Чай черный байховый,чай черный тчн! листовой 100г,https://www.okeydostavka.ru/spb/goriachie-i-kholodnye-napitki-16562-20/chai-30552-20/chai-chernyi-tchn-listovoi-100g
Чай черный байховый,чай черный окей цейлон 25пак,https://www.okeydostavka.ru/spb/goriachie-i-kholodnye-napitki-16562-20/chai-30552-20/chai-chernyi-okei-tseilon-25pak
Чай черный байховый,чай черный akbar золотой 25пак,https://www.okeydostavka.ru/spb/goriachie-i-kholodnye-napitki-16562-20/chai-30552-20/chai-chernyi-akbar-zolotoi-25pak
Чай черный байховый,чай черный лисма крепкий 25пак,https://www.okeydostavka.ru/spb/goriachie-i-kholodnye-napitki-16562-20/chai-30552-20/chai-chernyi-lisma-krepkii-25pak
Чай черный байховый,чай черный майский отборный 25пак,https://www.okeydostavka.ru/spb/goriachie-i-kholodnye-napitki-16562-20/chai-30552-20/chai-chernyi-maiskii-otbornyi-25pak
Чай черный байховый,чай hyleys черный с чабрецом 25пак,https://www.okeydostavka.ru/spb/goriachie-i-kholodnye-napitki-16562-20/chai-30552-20/chai-hyleys-chernyi-s-chabretsom-25pak
Чай черный байховый,чай черный лисма крепкий 100пак,https://www.okeydostavka.ru/spb/goriachie-i-kholodnye-napitki-16562-20/chai-30552-20/chai-chernyi-lisma-krepkii-100pak
Соль поваренная пищевая,соль экстра торговый дом соль 1кг п/э пакет,https://www.okeydostavka.ru/spb/bakaleia-i-konservatsiia-15063-20/sakhar-i-sol--24573-20/sol-ekstra-torgovyi-dom-sol-1kg-p-e-paket
Соль поваренная пищевая,соль экстра 500г,https://www.okeydostavka.ru/spb/bakaleia-i-konservatsiia-15063-20/sakhar-i-sol--24573-20/sol-ekstra-500g
Соль поваренная пищевая,соль поваренная пищевая каменная помол №1 1кг,https://www.okeydostavka.ru/spb/bakaleia-i-konservatsiia-15063-20/sakhar-i-sol--24573-20/sol-povarennaia-pishchevaia-kamennaia-pomol-1-1kg
Соль поваренная пищевая,соль поваренная тчн! пищевая самосадочная 1 помол 1кг пак,https://www.okeydostavka.ru/spb/bakaleia-i-konservatsiia-15063-20/sakhar-i-sol--24573-20/sol-povarennaia-tchn-pishchevaia-samosadochnaia-1-pomol-
Соль поваренная пищевая,соль поваренная белёк экстра выварочная 1кг,https://www.okeydostavka.ru/spb/bakaleia-i-konservatsiia-15063-20/sakhar-i-sol--24573-20/sol-povarennaia-belek-ekstra-vyvarochnaia-1kg
Соль поваренная пищевая,соль морская поваренная сavalluсcio di mare йодиров. картон 500г,https://www.okeydostavka.ru/spb/bakaleia-i-konservatsiia-15063-20/sakhar-i-sol--24573-20/sol-morskaia-povarennaia-savalluscio-di-mare-
Соль поваренная пищевая,соль белёк выварочная 600г,https://www.okeydostavka.ru/spb/bakaleia-i-konservatsiia-15063-20/sakhar-i-sol--24573-20/sol-belek-vyvarochnaia-600g
Соль поваренная пищевая,соль морская kotanyi мельница 92г,https://www.okeydostavka.ru/spb/bakaleia-i-konservatsiia-15063-20/sakhar-i-sol--24573-20/sol-morskaia-kotanyi-mel-nitsa-92g
Соль поваренная пищевая,соль адыгейская абадзехская 300г пэт,https://www.okeydostavka.ru/spb/bakaleia-i-konservatsiia-15063-20/sakhar-i-sol--24573-20/sol-adygeiskaia-abadzekhskaia-300g-pet
Соль поваренная пищевая,соль адыгейская бжедугская 300г пэт,https://www.okeydostavka.ru/spb/bakaleia-i-konservatsiia-15063-20/sakhar-i-sol--24573-20/sol-adygeiskaia-bzhedugskaia-300g-pet
Соль поваренная пищевая,соль азбука кухни экстра мелкая 180г,https://www.okeydostavka.ru/spb/bakaleia-i-konservatsiia-15063-20/sakhar-i-sol--24573-20/sol-azbuka-kukhni-ekstra-melkaia-180g
Соль поваренная пищевая,соль морская окей крупная пачка 500г,https://www.okeydostavka.ru/spb/bakaleia-i-konservatsiia-15063-20/sakhar-i-sol--24573-20/sol-morskaia-okei-krupnaia-pachka-500g
Соль поваренная пищевая,соль гималайская 4life розовая крупная 500г,https://www.okeydostavka.ru/spb/bakaleia-i-konservatsiia-15063-20/sakhar-i-sol--24573-20/sol-gimalaiskaia-4life-rozovaia-krupnaia-500g
Соль поваренная пищевая,соль гималайская розовая королевская коллекция 50г,https://www.okeydostavka.ru/spb/bakaleia-i-konservatsiia-15063-20/sakhar-i-sol--24573-20/sol-gimalaiskaia-rozovaia-korolevskaia-kollektsiia-50g
Соль поваренная пищевая,соль kamis морская чеснок/травы мельница 60г,https://www.okeydostavka.ru/spb/bakaleia-i-konservatsiia-15063-20/sakhar-i-sol--24573-20/sol-kamis-morskaia-chesnok-travy-mel-nitsa-60g
Соль поваренная пищевая,соль розовая тдс гималайская 500г к/п,https://www.okeydostavka.ru/spb/bakaleia-i-konservatsiia-15063-20/sakhar-i-sol--24573-20/sol-rozovaia-tds-gimalaiskaia-500g-k-p
Перец черный (горошек),перец черный горошек спец 20г,https://www.okeydostavka.ru/spb/perets-chernyi-goroshek-spets-20g
Перец черный (горошек),приправа окей перец черный горошек 10г,https://www.okeydostavka.ru/spb/perets-chernyi-okei-goroshek-10g-628257-parent-1
Перец черный (горошек),приправа тчн! перец черный горошек 15г,https://www.okeydostavka.ru/spb/%D0%BF%D0%B5%D1%80%D0%B5%D1%86-%D1%87%D0%B5%D1%80%D0%BD%D1%8B%D0%B9-%D0%B3%D0%BE%D1%80%D0%BE%D1%88%D0%B5%D0%BA--15%D0%B3-fp-754975-parent--1
Перец черный (горошек),приправа kotanyi перец черный горошек мельница 40г,https://www.okeydostavka.ru/spb/priprava-kotanyi-perets-chernyi-goroshek-mel-nitsa-40g
Перец черный (горошек),приправа santa maria перец черный горошек 18г,https://www.okeydostavka.ru/spb/priprava-santa-maria-perets-chernyi-goroshek-18g
Перец черный (горошек),перец kotanyi черный горошек 70г пак,https://www.okeydostavka.ru/spb/perets-kotanyi-chernyi-goroshek-70g-pak
Перец черный (горошек),перец душистый горошек спец 20г,https://www.okeydostavka.ru/spb/perets-dushistyi-goroshek-spets-20g
Перец черный (горошек),приправа kamis перец душистый горошек 15г,https://www.okeydostavka.ru/spb/priprava-kamis-perets-dushistyi-goroshek-15g
Перец черный (горошек),перец душистый айдиго горошек 10г,https://www.okeydostavka.ru/spb/perets-dushistyi-gor-10g-aidigo-809268-parent-1
Перец черный (горошек),приправа kamis перец черный горошком 20г,https://www.okeydostavka.ru/spb/specialoffer-orspb/favorable-discounts-3074457345616778223--1/priprava-kamis-perets-chernyi-goroshkom-20g-48004-parent-1
Перец черный (горошек),перец розовый королевская коллекция 10г,https://www.okeydostavka.ru/spb/perets-rozovyi-korolevskaia-kollektsiia-10g
Перец черный (горошек),перец долма кг,https://www.okeydostavka.ru/spb/ovoshchi-frukty-griby-iagody-16568-20/ovoshchi-16570-20/perets-dolma-kg
Перец черный (горошек),перец оранжевый кг,https://www.okeydostavka.ru/spb/ovoshchi-frukty-griby-iagody-16568-20/ovoshchi-16570-20/perets-oranzhevyi-kg
Перец черный (горошек),перец желтый кг,https://www.okeydostavka.ru/spb/ovoshchi-frukty-griby-iagody-16568-20/ovoshchi-16570-20/perets-zheltyi-kg
Перец черный (горошек),перец зеленый кг,https://www.okeydostavka.ru/spb/ovoshchi-frukty-griby-iagody-16568-20/ovoshchi-16570-20/perets-zelenyi-kg
Перец черный (горошек),перец светофор упак,https://www.okeydostavka.ru/spb/ovoshchi-frukty-griby-iagody-16568-20/ovoshchi-16570-20/perets-svetofor-upak
